"t","i","forestry","pasture"
"y1995","ANZ",6.02174321094264,0.110541221701858
"y1995","BRA",5.23514390563165,0.0704110362049254
"y1995","CAN",1.38065517103398,0.172581896379248
"y1995","CHA",6.2174925098221,0.0643235350833959
"y1995","DEA",1.22484455612105,0.153105569515131
"y1995","EUR",2.78072359621795,0.132009609541561
"y1995","IND",2.19044042929672,0.0544370969386247
"y1995","MEA",0.332192100182855,0.0415240125228569
"y1995","NEU",0.418370990104988,0.0522963737631235
"y1995","REF",0.774028449212997,0.0621437054840904
"y1995","RUS",1.56875356246622,0.0337587666687472
"y1995","SAF",0.383684677718232,0.047960584714779
"y1995","SAS",1.43213635272017,0.179017044090021
"y1995","SCO",1.04275950541416,0.0267810367035771
"y1995","SEA",3.86326040939876,0.0647703897556264
"y1995","TAF",0.468446391325513,0.047960584714779
"y1995","TLA",2.5539340177999,0.0267810367035771
"y1995","USA",2.7366680750064,0.0635178445774245
"y2000","ANZ",6.02174321094264,0.110541221701858
"y2000","BRA",5.23514390563165,0.0704110362049254
"y2000","CAN",1.38065517103398,0.172581896379248
"y2000","CHA",6.2174925098221,0.0643235350833959
"y2000","DEA",1.22484455612105,0.153105569515131
"y2000","EUR",2.78072359621795,0.132009609541561
"y2000","IND",2.19044042929672,0.0544370969386247
"y2000","MEA",0.332192100182855,0.0415240125228569
"y2000","NEU",0.418370990104988,0.0522963737631235
"y2000","REF",0.774028449212997,0.0621437054840904
"y2000","RUS",1.56875356246622,0.0337587666687472
"y2000","SAF",0.383684677718232,0.047960584714779
"y2000","SAS",1.43213635272017,0.179017044090021
"y2000","SCO",1.04275950541416,0.0267810367035771
"y2000","SEA",3.86326040939876,0.0647703897556264
"y2000","TAF",0.468446391325513,0.047960584714779
"y2000","TLA",2.5539340177999,0.0267810367035771
"y2000","USA",2.7366680750064,0.0635178445774245
"y2005","ANZ",6.02174321094264,0.110541221701858
"y2005","BRA",5.23514390563165,0.0704110362049254
"y2005","CAN",1.38065517103398,0.172581896379248
"y2005","CHA",6.2174925098221,0.0643235350833959
"y2005","DEA",1.22484455612105,0.153105569515131
"y2005","EUR",2.78072359621795,0.132009609541561
"y2005","IND",2.19044042929672,0.0544370969386247
"y2005","MEA",0.332192100182855,0.0415240125228569
"y2005","NEU",0.418370990104988,0.0522963737631235
"y2005","REF",0.774028449212997,0.0621437054840904
"y2005","RUS",1.56875356246622,0.0337587666687472
"y2005","SAF",0.383684677718232,0.047960584714779
"y2005","SAS",1.43213635272017,0.179017044090021
"y2005","SCO",1.04275950541416,0.0267810367035771
"y2005","SEA",3.86326040939876,0.0647703897556264
"y2005","TAF",0.468446391325513,0.047960584714779
"y2005","TLA",2.5539340177999,0.0267810367035771
"y2005","USA",2.7366680750064,0.0635178445774245
"y2010","ANZ",6.02174321094264,0.110541221701858
"y2010","BRA",5.23514390563165,0.0704110362049254
"y2010","CAN",1.38065517103398,0.172581896379248
"y2010","CHA",6.2174925098221,0.0643235350833959
"y2010","DEA",1.22484455612105,0.153105569515131
"y2010","EUR",2.78072359621795,0.132009609541561
"y2010","IND",2.19044042929672,0.0544370969386247
"y2010","MEA",0.332192100182855,0.0415240125228569
"y2010","NEU",0.418370990104988,0.0522963737631235
"y2010","REF",0.774028449212997,0.0621437054840904
"y2010","RUS",1.56875356246622,0.0337587666687472
"y2010","SAF",0.383684677718232,0.047960584714779
"y2010","SAS",1.43213635272017,0.179017044090021
"y2010","SCO",1.04275950541416,0.0267810367035771
"y2010","SEA",3.86326040939876,0.0647703897556264
"y2010","TAF",0.468446391325513,0.047960584714779
"y2010","TLA",2.5539340177999,0.0267810367035771
"y2010","USA",2.7366680750064,0.0635178445774245
"y2015","ANZ",6.02174321094264,0.110541221701858
"y2015","BRA",5.23514390563165,0.0704110362049254
"y2015","CAN",1.38065517103398,0.172581896379248
"y2015","CHA",6.2174925098221,0.0643235350833959
"y2015","DEA",1.22484455612105,0.153105569515131
"y2015","EUR",2.78072359621795,0.132009609541561
"y2015","IND",2.19044042929672,0.0544370969386247
"y2015","MEA",0.332192100182855,0.0415240125228569
"y2015","NEU",0.418370990104988,0.0522963737631235
"y2015","REF",0.774028449212997,0.0621437054840904
"y2015","RUS",1.56875356246622,0.0337587666687472
"y2015","SAF",0.383684677718232,0.047960584714779
"y2015","SAS",1.43213635272017,0.179017044090021
"y2015","SCO",1.04275950541416,0.0267810367035771
"y2015","SEA",3.86326040939876,0.0647703897556264
"y2015","TAF",0.468446391325513,0.047960584714779
"y2015","TLA",2.5539340177999,0.0267810367035771
"y2015","USA",2.7366680750064,0.0635178445774245
"y2020","ANZ",6.02174321094264,0.110541221701858
"y2020","BRA",5.23514390563165,0.0704110362049254
"y2020","CAN",1.38065517103398,0.172581896379248
"y2020","CHA",6.2174925098221,0.0643235350833959
"y2020","DEA",1.22484455612105,0.153105569515131
"y2020","EUR",2.78072359621795,0.132009609541561
"y2020","IND",2.19044042929672,0.0544370969386247
"y2020","MEA",0.332192100182855,0.0415240125228569
"y2020","NEU",0.418370990104988,0.0522963737631235
"y2020","REF",0.774028449212997,0.0621437054840904
"y2020","RUS",1.56875356246622,0.0337587666687472
"y2020","SAF",0.383684677718232,0.047960584714779
"y2020","SAS",1.43213635272017,0.179017044090021
"y2020","SCO",1.04275950541416,0.0267810367035771
"y2020","SEA",3.86326040939876,0.0647703897556264
"y2020","TAF",0.468446391325513,0.047960584714779
"y2020","TLA",2.5539340177999,0.0267810367035771
"y2020","USA",2.7366680750064,0.0635178445774245
"y2025","ANZ",6.02174321094264,0.110541221701858
"y2025","BRA",5.23514390563165,0.0704110362049254
"y2025","CAN",1.38065517103398,0.172581896379248
"y2025","CHA",6.2174925098221,0.0643235350833959
"y2025","DEA",1.22484455612105,0.153105569515131
"y2025","EUR",2.78072359621795,0.132009609541561
"y2025","IND",2.19044042929672,0.0544370969386247
"y2025","MEA",0.332192100182855,0.0415240125228569
"y2025","NEU",0.418370990104988,0.0522963737631235
"y2025","REF",0.774028449212997,0.0621437054840904
"y2025","RUS",1.56875356246622,0.0337587666687472
"y2025","SAF",0.383684677718232,0.047960584714779
"y2025","SAS",1.43213635272017,0.179017044090021
"y2025","SCO",1.04275950541416,0.0267810367035771
"y2025","SEA",3.86326040939876,0.0647703897556264
"y2025","TAF",0.468446391325513,0.047960584714779
"y2025","TLA",2.5539340177999,0.0267810367035771
"y2025","USA",2.7366680750064,0.0635178445774245
"y2030","ANZ",6.02174321094264,0.110541221701858
"y2030","BRA",5.23514390563165,0.0704110362049254
"y2030","CAN",1.38065517103398,0.172581896379248
"y2030","CHA",6.2174925098221,0.0643235350833959
"y2030","DEA",1.22484455612105,0.153105569515131
"y2030","EUR",2.78072359621795,0.132009609541561
"y2030","IND",2.19044042929672,0.0544370969386247
"y2030","MEA",0.332192100182855,0.0415240125228569
"y2030","NEU",0.418370990104988,0.0522963737631235
"y2030","REF",0.774028449212997,0.0621437054840904
"y2030","RUS",1.56875356246622,0.0337587666687472
"y2030","SAF",0.383684677718232,0.047960584714779
"y2030","SAS",1.43213635272017,0.179017044090021
"y2030","SCO",1.04275950541416,0.0267810367035771
"y2030","SEA",3.86326040939876,0.0647703897556264
"y2030","TAF",0.468446391325513,0.047960584714779
"y2030","TLA",2.5539340177999,0.0267810367035771
"y2030","USA",2.7366680750064,0.0635178445774245
"y2035","ANZ",6.02174321094264,0.110541221701858
"y2035","BRA",5.23514390563165,0.0704110362049254
"y2035","CAN",1.38065517103398,0.172581896379248
"y2035","CHA",6.2174925098221,0.0643235350833959
"y2035","DEA",1.22484455612105,0.153105569515131
"y2035","EUR",2.78072359621795,0.132009609541561
"y2035","IND",2.19044042929672,0.0544370969386247
"y2035","MEA",0.332192100182855,0.0415240125228569
"y2035","NEU",0.418370990104988,0.0522963737631235
"y2035","REF",0.774028449212997,0.0621437054840904
"y2035","RUS",1.56875356246622,0.0337587666687472
"y2035","SAF",0.383684677718232,0.047960584714779
"y2035","SAS",1.43213635272017,0.179017044090021
"y2035","SCO",1.04275950541416,0.0267810367035771
"y2035","SEA",3.86326040939876,0.0647703897556264
"y2035","TAF",0.468446391325513,0.047960584714779
"y2035","TLA",2.5539340177999,0.0267810367035771
"y2035","USA",2.7366680750064,0.0635178445774245
"y2040","ANZ",6.02174321094264,0.110541221701858
"y2040","BRA",5.23514390563165,0.0704110362049254
"y2040","CAN",1.38065517103398,0.172581896379248
"y2040","CHA",6.2174925098221,0.0643235350833959
"y2040","DEA",1.22484455612105,0.153105569515131
"y2040","EUR",2.78072359621795,0.132009609541561
"y2040","IND",2.19044042929672,0.0544370969386247
"y2040","MEA",0.332192100182855,0.0415240125228569
"y2040","NEU",0.418370990104988,0.0522963737631235
"y2040","REF",0.774028449212997,0.0621437054840904
"y2040","RUS",1.56875356246622,0.0337587666687472
"y2040","SAF",0.383684677718232,0.047960584714779
"y2040","SAS",1.43213635272017,0.179017044090021
"y2040","SCO",1.04275950541416,0.0267810367035771
"y2040","SEA",3.86326040939876,0.0647703897556264
"y2040","TAF",0.468446391325513,0.047960584714779
"y2040","TLA",2.5539340177999,0.0267810367035771
"y2040","USA",2.7366680750064,0.0635178445774245
"y2045","ANZ",6.02174321094264,0.110541221701858
"y2045","BRA",5.23514390563165,0.0704110362049254
"y2045","CAN",1.38065517103398,0.172581896379248
"y2045","CHA",6.2174925098221,0.0643235350833959
"y2045","DEA",1.22484455612105,0.153105569515131
"y2045","EUR",2.78072359621795,0.132009609541561
"y2045","IND",2.19044042929672,0.0544370969386247
"y2045","MEA",0.332192100182855,0.0415240125228569
"y2045","NEU",0.418370990104988,0.0522963737631235
"y2045","REF",0.774028449212997,0.0621437054840904
"y2045","RUS",1.56875356246622,0.0337587666687472
"y2045","SAF",0.383684677718232,0.047960584714779
"y2045","SAS",1.43213635272017,0.179017044090021
"y2045","SCO",1.04275950541416,0.0267810367035771
"y2045","SEA",3.86326040939876,0.0647703897556264
"y2045","TAF",0.468446391325513,0.047960584714779
"y2045","TLA",2.5539340177999,0.0267810367035771
"y2045","USA",2.7366680750064,0.0635178445774245
"y2050","ANZ",6.02174321094264,0.110541221701858
"y2050","BRA",5.23514390563165,0.0704110362049254
"y2050","CAN",1.38065517103398,0.172581896379248
"y2050","CHA",6.2174925098221,0.0643235350833959
"y2050","DEA",1.22484455612105,0.153105569515131
"y2050","EUR",2.78072359621795,0.132009609541561
"y2050","IND",2.19044042929672,0.0544370969386247
"y2050","MEA",0.332192100182855,0.0415240125228569
"y2050","NEU",0.418370990104988,0.0522963737631235
"y2050","REF",0.774028449212997,0.0621437054840904
"y2050","RUS",1.56875356246622,0.0337587666687472
"y2050","SAF",0.383684677718232,0.047960584714779
"y2050","SAS",1.43213635272017,0.179017044090021
"y2050","SCO",1.04275950541416,0.0267810367035771
"y2050","SEA",3.86326040939876,0.0647703897556264
"y2050","TAF",0.468446391325513,0.047960584714779
"y2050","TLA",2.5539340177999,0.0267810367035771
"y2050","USA",2.7366680750064,0.0635178445774245
"y2055","ANZ",6.02174321094264,0.110541221701858
"y2055","BRA",5.23514390563165,0.0704110362049254
"y2055","CAN",1.38065517103398,0.172581896379248
"y2055","CHA",6.2174925098221,0.0643235350833959
"y2055","DEA",1.22484455612105,0.153105569515131
"y2055","EUR",2.78072359621795,0.132009609541561
"y2055","IND",2.19044042929672,0.0544370969386247
"y2055","MEA",0.332192100182855,0.0415240125228569
"y2055","NEU",0.418370990104988,0.0522963737631235
"y2055","REF",0.774028449212997,0.0621437054840904
"y2055","RUS",1.56875356246622,0.0337587666687472
"y2055","SAF",0.383684677718232,0.047960584714779
"y2055","SAS",1.43213635272017,0.179017044090021
"y2055","SCO",1.04275950541416,0.0267810367035771
"y2055","SEA",3.86326040939876,0.0647703897556264
"y2055","TAF",0.468446391325513,0.047960584714779
"y2055","TLA",2.5539340177999,0.0267810367035771
"y2055","USA",2.7366680750064,0.0635178445774245
"y2060","ANZ",6.02174321094264,0.110541221701858
"y2060","BRA",5.23514390563165,0.0704110362049254
"y2060","CAN",1.38065517103398,0.172581896379248
"y2060","CHA",6.2174925098221,0.0643235350833959
"y2060","DEA",1.22484455612105,0.153105569515131
"y2060","EUR",2.78072359621795,0.132009609541561
"y2060","IND",2.19044042929672,0.0544370969386247
"y2060","MEA",0.332192100182855,0.0415240125228569
"y2060","NEU",0.418370990104988,0.0522963737631235
"y2060","REF",0.774028449212997,0.0621437054840904
"y2060","RUS",1.56875356246622,0.0337587666687472
"y2060","SAF",0.383684677718232,0.047960584714779
"y2060","SAS",1.43213635272017,0.179017044090021
"y2060","SCO",1.04275950541416,0.0267810367035771
"y2060","SEA",3.86326040939876,0.0647703897556264
"y2060","TAF",0.468446391325513,0.047960584714779
"y2060","TLA",2.5539340177999,0.0267810367035771
"y2060","USA",2.7366680750064,0.0635178445774245
"y2065","ANZ",6.02174321094264,0.110541221701858
"y2065","BRA",5.23514390563165,0.0704110362049254
"y2065","CAN",1.38065517103398,0.172581896379248
"y2065","CHA",6.2174925098221,0.0643235350833959
"y2065","DEA",1.22484455612105,0.153105569515131
"y2065","EUR",2.78072359621795,0.132009609541561
"y2065","IND",2.19044042929672,0.0544370969386247
"y2065","MEA",0.332192100182855,0.0415240125228569
"y2065","NEU",0.418370990104988,0.0522963737631235
"y2065","REF",0.774028449212997,0.0621437054840904
"y2065","RUS",1.56875356246622,0.0337587666687472
"y2065","SAF",0.383684677718232,0.047960584714779
"y2065","SAS",1.43213635272017,0.179017044090021
"y2065","SCO",1.04275950541416,0.0267810367035771
"y2065","SEA",3.86326040939876,0.0647703897556264
"y2065","TAF",0.468446391325513,0.047960584714779
"y2065","TLA",2.5539340177999,0.0267810367035771
"y2065","USA",2.7366680750064,0.0635178445774245
"y2070","ANZ",6.02174321094264,0.110541221701858
"y2070","BRA",5.23514390563165,0.0704110362049254
"y2070","CAN",1.38065517103398,0.172581896379248
"y2070","CHA",6.2174925098221,0.0643235350833959
"y2070","DEA",1.22484455612105,0.153105569515131
"y2070","EUR",2.78072359621795,0.132009609541561
"y2070","IND",2.19044042929672,0.0544370969386247
"y2070","MEA",0.332192100182855,0.0415240125228569
"y2070","NEU",0.418370990104988,0.0522963737631235
"y2070","REF",0.774028449212997,0.0621437054840904
"y2070","RUS",1.56875356246622,0.0337587666687472
"y2070","SAF",0.383684677718232,0.047960584714779
"y2070","SAS",1.43213635272017,0.179017044090021
"y2070","SCO",1.04275950541416,0.0267810367035771
"y2070","SEA",3.86326040939876,0.0647703897556264
"y2070","TAF",0.468446391325513,0.047960584714779
"y2070","TLA",2.5539340177999,0.0267810367035771
"y2070","USA",2.7366680750064,0.0635178445774245
"y2075","ANZ",6.02174321094264,0.110541221701858
"y2075","BRA",5.23514390563165,0.0704110362049254
"y2075","CAN",1.38065517103398,0.172581896379248
"y2075","CHA",6.2174925098221,0.0643235350833959
"y2075","DEA",1.22484455612105,0.153105569515131
"y2075","EUR",2.78072359621795,0.132009609541561
"y2075","IND",2.19044042929672,0.0544370969386247
"y2075","MEA",0.332192100182855,0.0415240125228569
"y2075","NEU",0.418370990104988,0.0522963737631235
"y2075","REF",0.774028449212997,0.0621437054840904
"y2075","RUS",1.56875356246622,0.0337587666687472
"y2075","SAF",0.383684677718232,0.047960584714779
"y2075","SAS",1.43213635272017,0.179017044090021
"y2075","SCO",1.04275950541416,0.0267810367035771
"y2075","SEA",3.86326040939876,0.0647703897556264
"y2075","TAF",0.468446391325513,0.047960584714779
"y2075","TLA",2.5539340177999,0.0267810367035771
"y2075","USA",2.7366680750064,0.0635178445774245
"y2080","ANZ",6.02174321094264,0.110541221701858
"y2080","BRA",5.23514390563165,0.0704110362049254
"y2080","CAN",1.38065517103398,0.172581896379248
"y2080","CHA",6.2174925098221,0.0643235350833959
"y2080","DEA",1.22484455612105,0.153105569515131
"y2080","EUR",2.78072359621795,0.132009609541561
"y2080","IND",2.19044042929672,0.0544370969386247
"y2080","MEA",0.332192100182855,0.0415240125228569
"y2080","NEU",0.418370990104988,0.0522963737631235
"y2080","REF",0.774028449212997,0.0621437054840904
"y2080","RUS",1.56875356246622,0.0337587666687472
"y2080","SAF",0.383684677718232,0.047960584714779
"y2080","SAS",1.43213635272017,0.179017044090021
"y2080","SCO",1.04275950541416,0.0267810367035771
"y2080","SEA",3.86326040939876,0.0647703897556264
"y2080","TAF",0.468446391325513,0.047960584714779
"y2080","TLA",2.5539340177999,0.0267810367035771
"y2080","USA",2.7366680750064,0.0635178445774245
"y2085","ANZ",6.02174321094264,0.110541221701858
"y2085","BRA",5.23514390563165,0.0704110362049254
"y2085","CAN",1.38065517103398,0.172581896379248
"y2085","CHA",6.2174925098221,0.0643235350833959
"y2085","DEA",1.22484455612105,0.153105569515131
"y2085","EUR",2.78072359621795,0.132009609541561
"y2085","IND",2.19044042929672,0.0544370969386247
"y2085","MEA",0.332192100182855,0.0415240125228569
"y2085","NEU",0.418370990104988,0.0522963737631235
"y2085","REF",0.774028449212997,0.0621437054840904
"y2085","RUS",1.56875356246622,0.0337587666687472
"y2085","SAF",0.383684677718232,0.047960584714779
"y2085","SAS",1.43213635272017,0.179017044090021
"y2085","SCO",1.04275950541416,0.0267810367035771
"y2085","SEA",3.86326040939876,0.0647703897556264
"y2085","TAF",0.468446391325513,0.047960584714779
"y2085","TLA",2.5539340177999,0.0267810367035771
"y2085","USA",2.7366680750064,0.0635178445774245
"y2090","ANZ",6.02174321094264,0.110541221701858
"y2090","BRA",5.23514390563165,0.0704110362049254
"y2090","CAN",1.38065517103398,0.172581896379248
"y2090","CHA",6.2174925098221,0.0643235350833959
"y2090","DEA",1.22484455612105,0.153105569515131
"y2090","EUR",2.78072359621795,0.132009609541561
"y2090","IND",2.19044042929672,0.0544370969386247
"y2090","MEA",0.332192100182855,0.0415240125228569
"y2090","NEU",0.418370990104988,0.0522963737631235
"y2090","REF",0.774028449212997,0.0621437054840904
"y2090","RUS",1.56875356246622,0.0337587666687472
"y2090","SAF",0.383684677718232,0.047960584714779
"y2090","SAS",1.43213635272017,0.179017044090021
"y2090","SCO",1.04275950541416,0.0267810367035771
"y2090","SEA",3.86326040939876,0.0647703897556264
"y2090","TAF",0.468446391325513,0.047960584714779
"y2090","TLA",2.5539340177999,0.0267810367035771
"y2090","USA",2.7366680750064,0.0635178445774245
"y2095","ANZ",6.02174321094264,0.110541221701858
"y2095","BRA",5.23514390563165,0.0704110362049254
"y2095","CAN",1.38065517103398,0.172581896379248
"y2095","CHA",6.2174925098221,0.0643235350833959
"y2095","DEA",1.22484455612105,0.153105569515131
"y2095","EUR",2.78072359621795,0.132009609541561
"y2095","IND",2.19044042929672,0.0544370969386247
"y2095","MEA",0.332192100182855,0.0415240125228569
"y2095","NEU",0.418370990104988,0.0522963737631235
"y2095","REF",0.774028449212997,0.0621437054840904
"y2095","RUS",1.56875356246622,0.0337587666687472
"y2095","SAF",0.383684677718232,0.047960584714779
"y2095","SAS",1.43213635272017,0.179017044090021
"y2095","SCO",1.04275950541416,0.0267810367035771
"y2095","SEA",3.86326040939876,0.0647703897556264
"y2095","TAF",0.468446391325513,0.047960584714779
"y2095","TLA",2.5539340177999,0.0267810367035771
"y2095","USA",2.7366680750064,0.0635178445774245
"y2100","ANZ",6.02174321094264,0.110541221701858
"y2100","BRA",5.23514390563165,0.0704110362049254
"y2100","CAN",1.38065517103398,0.172581896379248
"y2100","CHA",6.2174925098221,0.0643235350833959
"y2100","DEA",1.22484455612105,0.153105569515131
"y2100","EUR",2.78072359621795,0.132009609541561
"y2100","IND",2.19044042929672,0.0544370969386247
"y2100","MEA",0.332192100182855,0.0415240125228569
"y2100","NEU",0.418370990104988,0.0522963737631235
"y2100","REF",0.774028449212997,0.0621437054840904
"y2100","RUS",1.56875356246622,0.0337587666687472
"y2100","SAF",0.383684677718232,0.047960584714779
"y2100","SAS",1.43213635272017,0.179017044090021
"y2100","SCO",1.04275950541416,0.0267810367035771
"y2100","SEA",3.86326040939876,0.0647703897556264
"y2100","TAF",0.468446391325513,0.047960584714779
"y2100","TLA",2.5539340177999,0.0267810367035771
"y2100","USA",2.7366680750064,0.0635178445774245
"y2105","ANZ",6.02174321094264,0.110541221701858
"y2105","BRA",5.23514390563165,0.0704110362049254
"y2105","CAN",1.38065517103398,0.172581896379248
"y2105","CHA",6.2174925098221,0.0643235350833959
"y2105","DEA",1.22484455612105,0.153105569515131
"y2105","EUR",2.78072359621795,0.132009609541561
"y2105","IND",2.19044042929672,0.0544370969386247
"y2105","MEA",0.332192100182855,0.0415240125228569
"y2105","NEU",0.418370990104988,0.0522963737631235
"y2105","REF",0.774028449212997,0.0621437054840904
"y2105","RUS",1.56875356246622,0.0337587666687472
"y2105","SAF",0.383684677718232,0.047960584714779
"y2105","SAS",1.43213635272017,0.179017044090021
"y2105","SCO",1.04275950541416,0.0267810367035771
"y2105","SEA",3.86326040939876,0.0647703897556264
"y2105","TAF",0.468446391325513,0.047960584714779
"y2105","TLA",2.5539340177999,0.0267810367035771
"y2105","USA",2.7366680750064,0.0635178445774245
"y2110","ANZ",6.02174321094264,0.110541221701858
"y2110","BRA",5.23514390563165,0.0704110362049254
"y2110","CAN",1.38065517103398,0.172581896379248
"y2110","CHA",6.2174925098221,0.0643235350833959
"y2110","DEA",1.22484455612105,0.153105569515131
"y2110","EUR",2.78072359621795,0.132009609541561
"y2110","IND",2.19044042929672,0.0544370969386247
"y2110","MEA",0.332192100182855,0.0415240125228569
"y2110","NEU",0.418370990104988,0.0522963737631235
"y2110","REF",0.774028449212997,0.0621437054840904
"y2110","RUS",1.56875356246622,0.0337587666687472
"y2110","SAF",0.383684677718232,0.047960584714779
"y2110","SAS",1.43213635272017,0.179017044090021
"y2110","SCO",1.04275950541416,0.0267810367035771
"y2110","SEA",3.86326040939876,0.0647703897556264
"y2110","TAF",0.468446391325513,0.047960584714779
"y2110","TLA",2.5539340177999,0.0267810367035771
"y2110","USA",2.7366680750064,0.0635178445774245
"y2115","ANZ",6.02174321094264,0.110541221701858
"y2115","BRA",5.23514390563165,0.0704110362049254
"y2115","CAN",1.38065517103398,0.172581896379248
"y2115","CHA",6.2174925098221,0.0643235350833959
"y2115","DEA",1.22484455612105,0.153105569515131
"y2115","EUR",2.78072359621795,0.132009609541561
"y2115","IND",2.19044042929672,0.0544370969386247
"y2115","MEA",0.332192100182855,0.0415240125228569
"y2115","NEU",0.418370990104988,0.0522963737631235
"y2115","REF",0.774028449212997,0.0621437054840904
"y2115","RUS",1.56875356246622,0.0337587666687472
"y2115","SAF",0.383684677718232,0.047960584714779
"y2115","SAS",1.43213635272017,0.179017044090021
"y2115","SCO",1.04275950541416,0.0267810367035771
"y2115","SEA",3.86326040939876,0.0647703897556264
"y2115","TAF",0.468446391325513,0.047960584714779
"y2115","TLA",2.5539340177999,0.0267810367035771
"y2115","USA",2.7366680750064,0.0635178445774245
"y2120","ANZ",6.02174321094264,0.110541221701858
"y2120","BRA",5.23514390563165,0.0704110362049254
"y2120","CAN",1.38065517103398,0.172581896379248
"y2120","CHA",6.2174925098221,0.0643235350833959
"y2120","DEA",1.22484455612105,0.153105569515131
"y2120","EUR",2.78072359621795,0.132009609541561
"y2120","IND",2.19044042929672,0.0544370969386247
"y2120","MEA",0.332192100182855,0.0415240125228569
"y2120","NEU",0.418370990104988,0.0522963737631235
"y2120","REF",0.774028449212997,0.0621437054840904
"y2120","RUS",1.56875356246622,0.0337587666687472
"y2120","SAF",0.383684677718232,0.047960584714779
"y2120","SAS",1.43213635272017,0.179017044090021
"y2120","SCO",1.04275950541416,0.0267810367035771
"y2120","SEA",3.86326040939876,0.0647703897556264
"y2120","TAF",0.468446391325513,0.047960584714779
"y2120","TLA",2.5539340177999,0.0267810367035771
"y2120","USA",2.7366680750064,0.0635178445774245
"y2125","ANZ",6.02174321094264,0.110541221701858
"y2125","BRA",5.23514390563165,0.0704110362049254
"y2125","CAN",1.38065517103398,0.172581896379248
"y2125","CHA",6.2174925098221,0.0643235350833959
"y2125","DEA",1.22484455612105,0.153105569515131
"y2125","EUR",2.78072359621795,0.132009609541561
"y2125","IND",2.19044042929672,0.0544370969386247
"y2125","MEA",0.332192100182855,0.0415240125228569
"y2125","NEU",0.418370990104988,0.0522963737631235
"y2125","REF",0.774028449212997,0.0621437054840904
"y2125","RUS",1.56875356246622,0.0337587666687472
"y2125","SAF",0.383684677718232,0.047960584714779
"y2125","SAS",1.43213635272017,0.179017044090021
"y2125","SCO",1.04275950541416,0.0267810367035771
"y2125","SEA",3.86326040939876,0.0647703897556264
"y2125","TAF",0.468446391325513,0.047960584714779
"y2125","TLA",2.5539340177999,0.0267810367035771
"y2125","USA",2.7366680750064,0.0635178445774245
"y2130","ANZ",6.02174321094264,0.110541221701858
"y2130","BRA",5.23514390563165,0.0704110362049254
"y2130","CAN",1.38065517103398,0.172581896379248
"y2130","CHA",6.2174925098221,0.0643235350833959
"y2130","DEA",1.22484455612105,0.153105569515131
"y2130","EUR",2.78072359621795,0.132009609541561
"y2130","IND",2.19044042929672,0.0544370969386247
"y2130","MEA",0.332192100182855,0.0415240125228569
"y2130","NEU",0.418370990104988,0.0522963737631235
"y2130","REF",0.774028449212997,0.0621437054840904
"y2130","RUS",1.56875356246622,0.0337587666687472
"y2130","SAF",0.383684677718232,0.047960584714779
"y2130","SAS",1.43213635272017,0.179017044090021
"y2130","SCO",1.04275950541416,0.0267810367035771
"y2130","SEA",3.86326040939876,0.0647703897556264
"y2130","TAF",0.468446391325513,0.047960584714779
"y2130","TLA",2.5539340177999,0.0267810367035771
"y2130","USA",2.7366680750064,0.0635178445774245
"y2135","ANZ",6.02174321094264,0.110541221701858
"y2135","BRA",5.23514390563165,0.0704110362049254
"y2135","CAN",1.38065517103398,0.172581896379248
"y2135","CHA",6.2174925098221,0.0643235350833959
"y2135","DEA",1.22484455612105,0.153105569515131
"y2135","EUR",2.78072359621795,0.132009609541561
"y2135","IND",2.19044042929672,0.0544370969386247
"y2135","MEA",0.332192100182855,0.0415240125228569
"y2135","NEU",0.418370990104988,0.0522963737631235
"y2135","REF",0.774028449212997,0.0621437054840904
"y2135","RUS",1.56875356246622,0.0337587666687472
"y2135","SAF",0.383684677718232,0.047960584714779
"y2135","SAS",1.43213635272017,0.179017044090021
"y2135","SCO",1.04275950541416,0.0267810367035771
"y2135","SEA",3.86326040939876,0.0647703897556264
"y2135","TAF",0.468446391325513,0.047960584714779
"y2135","TLA",2.5539340177999,0.0267810367035771
"y2135","USA",2.7366680750064,0.0635178445774245
"y2140","ANZ",6.02174321094264,0.110541221701858
"y2140","BRA",5.23514390563165,0.0704110362049254
"y2140","CAN",1.38065517103398,0.172581896379248
"y2140","CHA",6.2174925098221,0.0643235350833959
"y2140","DEA",1.22484455612105,0.153105569515131
"y2140","EUR",2.78072359621795,0.132009609541561
"y2140","IND",2.19044042929672,0.0544370969386247
"y2140","MEA",0.332192100182855,0.0415240125228569
"y2140","NEU",0.418370990104988,0.0522963737631235
"y2140","REF",0.774028449212997,0.0621437054840904
"y2140","RUS",1.56875356246622,0.0337587666687472
"y2140","SAF",0.383684677718232,0.047960584714779
"y2140","SAS",1.43213635272017,0.179017044090021
"y2140","SCO",1.04275950541416,0.0267810367035771
"y2140","SEA",3.86326040939876,0.0647703897556264
"y2140","TAF",0.468446391325513,0.047960584714779
"y2140","TLA",2.5539340177999,0.0267810367035771
"y2140","USA",2.7366680750064,0.0635178445774245
"y2145","ANZ",6.02174321094264,0.110541221701858
"y2145","BRA",5.23514390563165,0.0704110362049254
"y2145","CAN",1.38065517103398,0.172581896379248
"y2145","CHA",6.2174925098221,0.0643235350833959
"y2145","DEA",1.22484455612105,0.153105569515131
"y2145","EUR",2.78072359621795,0.132009609541561
"y2145","IND",2.19044042929672,0.0544370969386247
"y2145","MEA",0.332192100182855,0.0415240125228569
"y2145","NEU",0.418370990104988,0.0522963737631235
"y2145","REF",0.774028449212997,0.0621437054840904
"y2145","RUS",1.56875356246622,0.0337587666687472
"y2145","SAF",0.383684677718232,0.047960584714779
"y2145","SAS",1.43213635272017,0.179017044090021
"y2145","SCO",1.04275950541416,0.0267810367035771
"y2145","SEA",3.86326040939876,0.0647703897556264
"y2145","TAF",0.468446391325513,0.047960584714779
"y2145","TLA",2.5539340177999,0.0267810367035771
"y2145","USA",2.7366680750064,0.0635178445774245
"y2150","ANZ",6.02174321094264,0.110541221701858
"y2150","BRA",5.23514390563165,0.0704110362049254
"y2150","CAN",1.38065517103398,0.172581896379248
"y2150","CHA",6.2174925098221,0.0643235350833959
"y2150","DEA",1.22484455612105,0.153105569515131
"y2150","EUR",2.78072359621795,0.132009609541561
"y2150","IND",2.19044042929672,0.0544370969386247
"y2150","MEA",0.332192100182855,0.0415240125228569
"y2150","NEU",0.418370990104988,0.0522963737631235
"y2150","REF",0.774028449212997,0.0621437054840904
"y2150","RUS",1.56875356246622,0.0337587666687472
"y2150","SAF",0.383684677718232,0.047960584714779
"y2150","SAS",1.43213635272017,0.179017044090021
"y2150","SCO",1.04275950541416,0.0267810367035771
"y2150","SEA",3.86326040939876,0.0647703897556264
"y2150","TAF",0.468446391325513,0.047960584714779
"y2150","TLA",2.5539340177999,0.0267810367035771
"y2150","USA",2.7366680750064,0.0635178445774245
